{"_timestamp":1.7278916915263379e+09,"epoch":0,"_wandb":{"runtime":8},"train_accuracy":0.0010940919037199124,"train_loss":0.0007877948353951863,"val_loss":0.0007884990625916927,"_step":0,"val_accuracy":0,"_runtime":7.954235413}