{"_timestamp":1.7278892618307734e+09,"_step":0,"train_loss":0.00062575469146713,"val_accuracy":0,"epoch":0,"_runtime":1.811452252,"train_accuracy":0,"val_loss":0.0006257557847261206,"_wandb":{"runtime":1}}