{"val_loss":0.0006257549316786874,"val_accuracy":0,"_step":0,"train_accuracy":0,"_wandb":{"runtime":1},"epoch":0,"_runtime":1.699088019,"train_loss":0.0006257536140236542,"_timestamp":1.7278918855017269e+09}