{"_runtime":3.541631585,"train_accuracy":0.0010940919037199124,"_wandb":{"runtime":3},"_step":0,"val_accuracy":0,"train_loss":0.0006254349399744205,"_timestamp":1.7278907229947248e+09,"val_loss":0.0006258906519085415,"epoch":0}