{"epoch":0,"val_accuracy":0,"_step":0,"_timestamp":1.7278916570049875e+09,"train_accuracy":0.0010940919037199124,"_runtime":10.706762025,"_wandb":{"runtime":10},"train_loss":0.0008558730376033557,"val_loss":0.0008565900714272591}