{"_timestamp":1.7278894821223297e+09,"_wandb":{"runtime":3},"val_loss":0.0006259265940877609,"epoch":0,"val_accuracy":0,"_runtime":3.419497369,"_step":0,"train_accuracy":0,"train_loss":0.0006253911911614498}