{"epoch":0,"_step":0,"_timestamp":1.7278920838515687e+09,"train_loss":0.0006252255829583473,"val_loss":0.0006259792641549598,"train_accuracy":0,"_runtime":1.5616995679999999,"val_accuracy":0,"_wandb":{"runtime":1}}