{"_timestamp":1.727892635827792e+09,"_wandb":{"runtime":1},"train_loss":0.0006266636711597648,"epoch":0,"train_accuracy":0.0010940919037199124,"val_accuracy":0,"val_loss":0.0006268131788868396,"_runtime":1.291586679,"_step":0}