{
    "config": {
        "lr": 0.001,
        "dropout": 0.5,
        "optimizer": "adam",
        "epochs": 30,
        "conv_layers": 3
    },
    "metrics": {
        "train_losses": [
            0.9013171633185469,
            0.32462538438400035,
            0.2354409925942191,
            0.1899434573721462,
            0.16248069847295732,
            0.15033409765302228,
            0.13529639912362632,
            0.11996379922980888,
            0.1112079784595573,
            0.10265043351402138,
            0.09525064967553779,
            0.09332049485806584,
            0.08633085564818933,
            0.08248241522779622,
            0.08236759568701692,
            0.07577336431589678,
            0.07231624480715107,
            0.06911458989822773,
            0.06504004302571721,
            0.06169040907212169,
            0.06446824835017702,
            0.06117613958242127,
            0.05796370453905636,
            0.05665085809352585,
            0.052803361665476396,
            0.05104181575139767,
            0.052748506661825977,
            0.048860273874709904,
            0.05349774017627469,
            0.04704854934745785
        ],
        "val_losses": [
            1.8135430058266253,
            1.490181193072745,
            1.0767987126365621,
            0.7586839381367603,
            0.510382557485966,
            0.49941190316322004,
            0.33853584028621936,
            0.23731339603979537,
            0.16103679559966352,
            0.17693779538286494,
            0.11210008437170628,
            0.11529856959873057,
            0.05445973569170592,
            0.03398662171465285,
            0.05689595596111836,
            0.023918657593349827,
            0.02569811625723192,
            0.03254735905756342,
            0.013822891650364754,
            0.011861869287578033,
            0.011176193821580803,
            0.01505855265806647,
            0.01108708714897883,
            0.013125841971486807,
            0.009138796364571503,
            0.01400535780951341,
            0.00707070296258725,
            0.01974540070520387,
            0.008796765279530131,
            0.008348922095699
        ],
        "train_accs": [],
        "val_accs": []
    },
    "model_architecture": "CNN(\n  (conv_layers): ModuleList(\n    (0): Conv2d(1, 32, kernel_size=(3, 3), stride=(1, 1), padding=(1, 1))\n    (1): Conv2d(32, 64, kernel_size=(3, 3), stride=(1, 1), padding=(1, 1))\n    (2): Conv2d(64, 128, kernel_size=(3, 3), stride=(1, 1), padding=(1, 1))\n  )\n  (batch_norms): ModuleList(\n    (0): BatchNorm2d(32, eps=1e-05, momentum=0.1, affine=True, track_running_stats=True)\n    (1): BatchNorm2d(64, eps=1e-05, momentum=0.1, affine=True, track_running_stats=True)\n    (2): BatchNorm2d(128, eps=1e-05, momentum=0.1, affine=True, track_running_stats=True)\n  )\n  (relus): ModuleList(\n    (0-2): 3 x ReLU()\n  )\n  (pools): ModuleList(\n    (0-2): 3 x MaxPool2d(kernel_size=2, stride=2, padding=0, dilation=1, ceil_mode=False)\n  )\n  (dropouts): ModuleList(\n    (0-2): 3 x Dropout2d(p=0.5, inplace=False)\n  )\n  (fc1): Linear(in_features=1152, out_features=256, bias=True)\n  (batch_norm_fc): BatchNorm1d(256, eps=1e-05, momentum=0.1, affine=True, track_running_stats=True)\n  (dropout): Dropout(p=0.5, inplace=False)\n  (fc2): Linear(in_features=256, out_features=1, bias=True)\n)",
    "final_train_loss": 0.04704854934745785,
    "final_val_loss": 0.008348922095699
}