{
    "config": {
        "lr": 0.001,
        "dropout": 0.5,
        "optimizer": "adam",
        "epochs": 30,
        "conv_layers": 3
    },
    "metrics": {
        "train_losses": [
            0.5722877819488194,
            0.17169046102725158,
            0.101066181606372,
            0.0692148199567907,
            0.06148354915800377,
            0.05156028670965585,
            0.044039209592238844,
            0.03767316957355387,
            0.030977144986001046,
            0.032248112609430314,
            0.03360528118913133,
            0.025412221223193924,
            0.025127614957639748,
            0.025610570775520477,
            0.02565071956607038,
            0.02107773410135834,
            0.024887290516416756,
            0.01670879416118171,
            0.02186620964239225,
            0.017393150482519392,
            0.011618143284649335,
            0.01865900415316619,
            0.01727235216421278,
            0.012789460894230519,
            0.01776504256170294,
            0.012587489289452499,
            0.012131793399372133,
            0.015576582915149038,
            0.012559931510078072,
            0.013256568523603778
        ],
        "val_losses": [
            0.22366622336050299,
            0.0816608447472545,
            0.05607994793953889,
            0.017361872283954846,
            0.013519927990583188,
            0.02567829309121775,
            0.008057996005400709,
            0.006949645789102354,
            0.0038735965513587095,
            0.005863489933619077,
            0.007015268607535697,
            0.0010949068115572098,
            0.003911672602392153,
            0.0013184937463828394,
            0.0006017540446841752,
            0.0008612195211521504,
            0.001696369031049742,
            0.0011462115337653425,
            0.00019625827085389011,
            0.00019310496061231613,
            0.000462140500859916,
            0.0006906200016136937,
            0.00014919321866979404,
            0.0002092854209238678,
            0.0005060286369569516,
            0.00010651717153653775,
            3.0117236715728297e-05,
            8.788664741161406e-05,
            0.00016079547455842173,
            0.00036057329241599446
        ],
        "train_accs": [
            0.7703174603174603,
            0.9375396825396826,
            0.9663492063492064,
            0.9764285714285714,
            0.98,
            0.9824603174603175,
            0.9856349206349206,
            0.9873809523809524,
            0.9892857142857143,
            0.9898412698412699,
            0.9898412698412699,
            0.9915079365079366,
            0.991031746031746,
            0.9911111111111112,
            0.9913492063492063,
            0.9916666666666667,
            0.9917460317460317,
            0.9945238095238095,
            0.9936507936507937,
            0.9942857142857143,
            0.9961111111111111,
            0.9940476190476191,
            0.9946031746031746,
            0.9957142857142857,
            0.9946825396825397,
            0.9953968253968254,
            0.9956349206349207,
            0.9950793650793651,
            0.9962698412698413,
            0.9955555555555555
        ],
        "val_accs": [
            0.915,
            0.978,
            0.9813333333333333,
            0.9963333333333333,
            0.9966666666666667,
            0.992,
            0.9983333333333333,
            0.998,
            0.9993333333333333,
            0.9983333333333333,
            0.9973333333333333,
            1.0,
            0.9986666666666667,
            0.9996666666666667,
            1.0,
            0.9996666666666667,
            0.9996666666666667,
            0.9996666666666667,
            1.0,
            1.0,
            1.0,
            1.0,
            1.0,
            1.0,
            0.9996666666666667,
            1.0,
            1.0,
            1.0,
            1.0,
            1.0
        ]
    },
    "model_architecture": "CNN(\n  (conv_layers): ModuleList(\n    (0): Conv2d(1, 32, kernel_size=(3, 3), stride=(1, 1), padding=(1, 1))\n    (1): Conv2d(32, 64, kernel_size=(3, 3), stride=(1, 1), padding=(1, 1))\n    (2): Conv2d(64, 128, kernel_size=(3, 3), stride=(1, 1), padding=(1, 1))\n  )\n  (batch_norms): ModuleList(\n    (0): BatchNorm2d(32, eps=1e-05, momentum=0.1, affine=True, track_running_stats=True)\n    (1): BatchNorm2d(64, eps=1e-05, momentum=0.1, affine=True, track_running_stats=True)\n    (2): BatchNorm2d(128, eps=1e-05, momentum=0.1, affine=True, track_running_stats=True)\n  )\n  (relus): ModuleList(\n    (0-2): 3 x ReLU()\n  )\n  (pools): ModuleList(\n    (0-2): 3 x MaxPool2d(kernel_size=2, stride=2, padding=0, dilation=1, ceil_mode=False)\n  )\n  (dropouts): ModuleList(\n    (0-2): 3 x Dropout2d(p=0.5, inplace=False)\n  )\n  (fc1): Linear(in_features=1152, out_features=256, bias=True)\n  (batch_norm_fc): BatchNorm1d(256, eps=1e-05, momentum=0.1, affine=True, track_running_stats=True)\n  (dropout): Dropout(p=0.5, inplace=False)\n  (fc2): Linear(in_features=256, out_features=4, bias=True)\n)",
    "final_train_loss": 0.013256568523603778,
    "final_val_loss": 0.00036057329241599446,
    "final_train_acc": 0.9955555555555555,
    "final_val_acc": 1.0
}