{"_wandb":{"runtime":3},"train_loss":0.0006252426541497231,"_runtime":3.165749233,"val_loss":0.0006260124696066264,"val_accuracy":0,"train_accuracy":0,"_timestamp":1.7278895725181265e+09,"_step":0,"epoch":0}