{"_step":0,"train_loss":0.0006255328596428933,"train_accuracy":0.0010940919037199124,"val_loss":0.0006268002067492299,"_wandb":{"runtime":4},"_timestamp":1.7278892542349803e+09,"_runtime":4.665817775,"epoch":0,"val_accuracy":0}