{"train_loss":0.0010196159162744267,"epoch":0,"_runtime":15.121844662,"val_loss":0.0010203563619379172,"val_accuracy":0,"_timestamp":1.7278916774593346e+09,"_step":0,"_wandb":{"runtime":15},"train_accuracy":0.0010940919037199124}