{"train_loss":0.0021831971290984424,"_wandb":{"runtime":17},"val_accuracy":0,"val_loss":0.002184078177011549,"_step":0,"train_accuracy":0.0010940919037199124,"_timestamp":1.7278897968602176e+09,"_runtime":17.444538587,"epoch":0}