{"val_loss":0.0007133867250771638,"_step":0,"val_accuracy":0,"_wandb":{"runtime":6},"epoch":0,"train_loss":0.0007126870082788054,"_runtime":6.404978736,"train_accuracy":0.0010940919037199124,"_timestamp":1.7278898170382817e+09}