{"val_loss":0.0006258563461019312,"val_accuracy":0,"epoch":0,"_wandb":{"runtime":4},"train_accuracy":0,"train_loss":0.0006254517553943819,"_step":0,"_timestamp":1.7278894940731783e+09,"_runtime":4.642732226}