{"_runtime":5.093366052,"_timestamp":1.727891910350656e+09,"val_accuracy":0,"_step":0,"_wandb":{"runtime":5},"val_loss":0.0007070069549383174,"epoch":0,"train_accuracy":0.0010940919037199124,"train_loss":0.0007063098618490144}