{"val_accuracy":0,"_wandb":{"runtime":2},"train_loss":0.0006251831549649353,"epoch":0,"_step":0,"train_accuracy":0.0010940919037199124,"val_loss":0.0006261354316805537,"_runtime":2.877206439,"_timestamp":1.7278927850517156e+09}