{"val_loss":0.0006260206601736994,"train_loss":0.0006252643564254052,"_runtime":2.846054003,"_timestamp":1.7278906903707783e+09,"epoch":0,"_wandb":{"runtime":2},"val_accuracy":0,"train_accuracy":0.0010940919037199124,"_step":0}