{"_timestamp":1.7278926455671217e+09,"_wandb":{"runtime":1},"train_accuracy":0.0010940919037199124,"_runtime":1.204914224,"_step":0,"val_loss":0.0006260193900686182,"epoch":0,"val_accuracy":0,"train_loss":0.000625990554778936}