{"epoch":0,"_runtime":1.158370792,"_step":0,"train_accuracy":0,"_timestamp":1.7278919148134096e+09,"_wandb":{"runtime":1},"val_loss":0.0006257556999390598,"val_accuracy":0,"train_loss":0.0006257476816008971}