{"val_loss":0.0006259000427678292,"_wandb":{"runtime":3},"_timestamp":1.727889583151752e+09,"_step":0,"train_accuracy":0,"val_accuracy":0,"train_loss":0.0006254366145101069,"_runtime":3.135463369,"epoch":0}