{"_wandb":{"runtime":2},"_timestamp":1.72789276769227e+09,"train_accuracy":0,"val_loss":0.25024899127954214,"_step":0,"epoch":0,"val_accuracy":0,"train_loss":0.2502490299228933,"_runtime":2.11099241}