{"_runtime":15.631551398,"epoch":0,"train_loss":0.0017914949323195714,"_step":0,"_wandb":{"runtime":15},"val_accuracy":0,"val_loss":0.0017923126377012506,"_timestamp":1.7278892383781106e+09,"train_accuracy":0.0010940919037199124}