{"epoch":0,"_wandb":{"runtime":3},"train_loss":0.0006252349533654322,"val_loss":0.0006260489574967579,"_step":0,"train_accuracy":0.0010940919037199124,"_timestamp":1.7278895943408778e+09,"val_accuracy":0,"_runtime":3.586446919}