{"epoch":0,"train_accuracy":0.002188183807439825,"_timestamp":1.727892095252662e+09,"_wandb":{"runtime":2},"_runtime":2.216388754,"val_loss":0.0006259731723686498,"val_accuracy":0,"_step":0,"train_loss":0.0006252287786109033}