{"_timestamp":1.727890316657286e+09,"_step":0,"epoch":0,"train_accuracy":0.0010940919037199124,"_wandb":{"runtime":1},"val_loss":0.0006260806448992539,"val_accuracy":0,"_runtime":1.639733223,"train_loss":0.000625169898535627}